movie_name, movie_categories, character_names, character_genders, Has two female characters, who talk to each other in same scene
A Few Good Men,Crime|Drama|Mystery|Thriller,DOWNEY|JO|GIBBS|WEST|LAWRENCE|KAFFEE|SPRADLING|WHITAKER|SAM|JESSEP|KENDRICK|MARKINSON|DAWSON|ROSS|LUTHER|HOWARD|SERGEANT AT ARMS|RANDOLPH|MCGUIRE|HAMMAKER|STONE,Male|Male|Undetermined|Undetermined|Undetermined|Male|Undetermined|Male|Male|Male|Male|Male|Male|Male|Undetermined|Undetermined|Undetermined|Male|Undetermined|Undetermined|Undetermined, N, N
A Most Violent Year,Action|Crime|Drama,JULIAN|ABEL|ANNA|ANDREW WALSH|JOSEPH|CONTRACTOR|BEAT COP|ARNOLD KLINE|PETER FORENTE|BILL O'LEARY|ARTHUR LEWIS|HUSBAND|LOUIS SERVIDIO|LUISA|LORRAINE LEFKOWITZ|LORAINE LEFKOWITZ|ELIAS,Male|Male|Female|Undetermined|Undetermined|Male|Undetermined|Undetermined|Undetermined|Undetermined|Undetermined|Undetermined|Undetermined|Undetermined|Undetermined|Undetermined|Undetermined, N, N
A Serious Man,Comedy,MAN|VOICE|WIFE|REB GROSHKOVER|TEACHER|DOCTOR|HEBREW SCHOOL|DANNY|LARRY|PRINCIPAL|BLEGEN HALL|SECRETARY|LARRY'S OFFICE|CALLED.|CLIVE|SY|SARAH|JUDITH|ARTHUR|JUDY|MITCH|LATER|GAR|MIMI|DON|COP,Male|Male|Male|Undetermined|Undetermined|Male|Undetermined|Male|Male|Male|Undetermined|Female|Undetermined|Male|Undetermined|Male|Female|Undetermined|Male|Female|Male|Undetermined|Male|Undetermined|Male|Male, Y, N
Above the Law,Action, , , ,
Absolute Power,Thriller|Crime|Drama, , , ,
Abyss| The,Action|Adventure|Sci-Fi|Thriller,CAPTAIN|BARNES|EXEC|HELMSMAN|MCBRIDE|DEMARCO|KIRKHILL|BUD|CATFISH|JAMMER|ONE NIGHT|SONNY|FINLER|HIPPY|COFFEY|LINDSEY|MONK|SCHOENICK|BENDIX,Undetermined|Undetermined|Male|Undetermined|Male|Male|Male|Male|Male|Male|Undetermined|Male|Male|Male|Male|Female|Male|Male|Undetermined, N, N
Ace Ventura: Pet Detective,Comedy, , , ,
Adaptation,Comedy|Drama,ORLEAN|TONY|VALERIE|KAUFMAN|MARGARET|LAROCHE|BOY|MOTHER|DONALD|MIKE OWEN|BAXLEY|ALICE|THERAPIST|TEENAGED LAROCHE|JERRY|GUY ON BENCH|DRIVER|MOTES|MCKEE,Female|Male|Undetermined|Male|Undetermined|Male|Male|Male|Male|Undetermined|Undetermined|Male|Undetermined|Undetermined|Male|Undetermined|Male|Male|Male, N, N
Addams Family| The,Comedy|Fantasy|Horror|Family, , , ,
Adjustment Bureau| The,Romance|Sci-Fi|Thriller,CHARLIE|DAVID|RICHARDSON|HARRY|WOMAN|CNBC ANCHOR|BURDENSKY|ELISE|MCCRADY|LAUREN|DONALDSON|DONALDSON'S AIDE|DIANE SAWYER|THOMPSON|ADRIAN|THOMPSON'S AIDE|THE CHAIRMAN,Male|Male|Male|Male|Male|Undetermined|Undetermined|Female|Male|Female|Male|Undetermined|Undetermined|Male|Undetermined|Undetermined|Undetermined, Y, Y
Adventures of Buckaroo Banzai Across the Eighth Dimension| The,Adventure|Comedy|Romance|Sci-Fi,BUCKAROO BANZAI|NARRATOR|PROF. HIKITA|GENERAL CATBURD|PERFECT TOMMY|RENO|RAWHIDE|TV ANCHORWOMAN|DR. ZWIBEL|MISSION CONTROL|SENATOR CUNNINGHAM|SECRETARY OF DEFENSE|DOCTOR LIZARDO|PENNY PRIDDY|DR. LIZARDO|RADAR SHIELD ONE|JOHN O'CONNOR|JOHN GOMEZ|HIGHWAY PATROLMAN|SCOOTER LINDLEY|CASPER LINDLEY|NEW JERSEY|MRS. JOHNSON|BILLY|BLACK ARACHTOID COMMANDER|PINKY CARRUTHERS|JOHN PARKER|JOHN EMDALL|PRESIDENT WIDMARK|BUCKAROO BANZAI ON TV|NATIONAL SECURITY ADVISOR,Undetermined|Undetermined|Undetermined|Undetermined|Undetermined|Male|Male|Undetermined|Undetermined|Undetermined|Undetermined|Undetermined|Undetermined|Undetermined|Undetermined|Undetermined|Undetermined|Undetermined|Undetermined|Undetermined|Undetermined|Undetermined|Undetermined|Undetermined|Undetermined|Undetermined|Undetermined|Undetermined|Undetermined|Undetermined|Undetermined, N, N
Affliction,Drama,WADE|JILL|LARIVIERE|CHICK|JACK|LILLIAN|MARGIE|NICK|TWOMBLEY|LUGENE|POP|ROLFE|BROWN|MRS. GORDON|MEL GORDON|REV. DOUGHTY|HAND|ALMA,Male|Female|Male|Male|Male|Female|Male|Undetermined|Male|Undetermined|Male|Male|Undetermined|Undetermined|Undetermined|Undetermined|Male|Undetermined, Y, Y
After School Special,Comedy,FRED|MATT|DEACON|NAOMI|J.T.|JAKE|GREITZER|AMERICAN FLAG STRIPPER|MIKE|VIC|MRS. LEWIS|ASHLEY|COOP|MR. LEWIS|MAX|HAIRDRESSER|ROGER|WENDY|KELLY,Male|Male|Male|Male|Male|Male|Male|Undetermined|Male|Male|Undetermined|Female|Male|Undetermined|Male|Undetermined|Male|Female|Male, Y, N
After.Life,Drama|Horror|Thriller, , , ,
Agnes of God,Drama|Mystery,MARTHA|EVE|LYON|LEVEAU|MOTHER MIRIAM|AGNES|MAMA|SISTER ANNE|MONSIGNOR|LARRY,Female|Undetermined|Undetermined|Undetermined|Undetermined|Female|Undetermined|Undetermined|Undetermined|Male, Y, N
Air Force One,Action|Adventure|Drama|Thriller,PETROV|DOHERTY|MARSHALL|GIBBS|KORSHUNOV|SHEPHERD|MITCHELL|AIDE|REPORTER|COL. AXELROD|ROSE|ALICE|MAJOR CALDWELL|BAZYLEV|SECRET SERVICE AGENT|RAMSTEIN A.B. CONTROLLER|ZEDECK|SERGE|COT. AXELROD|NEVSKY|V.P. CHANDLER|GENERAL NORTHWOOD|DEAN|LEE|COL. CARLTON|GENERAL GREELY|SWITCHBOARD|CHIEF MECHANIC|SECRETARY|IRAQI SOLDIER|CERALLOS|ARMY RANGER|KC-LO PILOT|TOWER,Male|Male|Male|Male|Male|Male|Undetermined|Male|Undetermined|Undetermined|Female|Female|Undetermined|Male|Undetermined|Undetermined|Male|Male|Undetermined|Undetermined|Undetermined|Undetermined|Undetermined|Male|Undetermined|Undetermined|Female|Undetermined|Female|Undetermined|Undetermined|Undetermined|Undetermined|Undetermined, Y, Y
Airplane,Comedy|Romance,ELAINE|SHIRLEY|JACK|STRIKER|OVEUR|BASTA|MURDOCK|GIRL|SOLDIER|RANDY|MRS. ELDERLY|LISA|MRS. SCHIFF|MILTON|BERNICE|MR. HAMMEN|JOEY|MRS. HAMMEN|SISTER ANGELINA|DR. RUMACK|HINSHAW|CAREY|MRS. KRAMER|KRAMER|MRS. OVEUR|GUNDERSON,Female|Female|Male|Male|Male|Undetermined|Male|Undetermined|Undetermined|Female|Undetermined|Female|Undetermined|Undetermined|Undetermined|Undetermined|Male|Undetermined|Undetermined|Undetermined|Undetermined|Male|Undetermined|Male|Undetermined|Undetermined, Y, Y
Airplane 2: The Sequel,Comedy|Sci-Fi, , , ,
Aladdin,Animation|Family|Musical|Fantasy|Comedy, , , ,
Alien,Action|Horror|Sci-Fi|Thriller,ROBY|BROUSSARD|FAUST|MELKONIS|HUNTER|STANDARD|COMPUTER,Male|Male|Male|Male|Male|Male|Undetermined, N, N
Alien 3,Action|Drama|Horror|Sci-Fi|Thriller,BROTHER KYLE|BROTHER JOHN|JOHN|KYLE|ABBOT|THE STAR|SECOND MONK|RIPLEY|THE ALIEN|HYSTERICAL MONK|BALD TRIBUNAL MONK|BAM-BAM-BAM.|ANTHONY|RIPLEY AND JOHN|WHOOSH...WHOOSH...,Undetermined|Undetermined|Male|Male|Male|Undetermined|Undetermined|Female|Undetermined|Undetermined|Undetermined|Undetermined|Male|Undetermined|Undetermined, N, N
Alien Nation,Crime|Drama|Sci-Fi,FEDORCHUK|ALTEREZ|SYKES|TUGGLE|ANGLE|JETSON|WARNER|WINTER|O'NEAL|MAYOR|HARCOURT|KIPLING|PORTER|CASSANDRA|WATSON|QUINT|OPERATOR|WILTEY,Male|Undetermined|Male|Male|Undetermined|Male|Male|Undetermined|Male|Male|Male|Male|Male|Male|Male|Male|Undetermined|Male, N, N
Alien vs. Predator,Action|Horror|Sci-Fi|Thriller,PREDATOR-VISION.|CASSIE|PARSONS|HIROKO|URIOSTE|KAMEN|ACKLAND|MINH|BEAUVAIS|DILLER|GUTTIEREZ|YORK|REVNA|DE VRIES|THOMAS|MATT|DRISCOLL|HIROKO'S P.O.V.,Undetermined|Female|Male|Female|Female|Male|Male|Male|Female|Male|Male|Male|Female|Undetermined|Male|Male|Undetermined|Undetermined, Y, Y
Alien: Resurrection,Action|Horror|Sci-Fi|Thriller, , , ,
Aliens,Action|Horror|Sci-Fi|Thriller,RIPLEY|NEWT|HUDSON|GORMAN|HICKS|APONE|DIETRICH|FROST|BURKE|WIERZBOWSKI|VASQUEZ|SPUNKMEYER|FERRO|BISHOP|VOICE,Female|Female|Male|Female|Male|Male|Female|Undetermined|Male|Male|Female|Male|Undetermined|Male|Female, Y, Y
All About Eve,Drama,ADDISON'S VOICE|AGED ACTOR|KAREN'S VOICE|EVE'S VOICE|KAREN|EVE|MARGO'S VOICE|MARGO|LLOYD|BIRDIE|BILL|OPERATOR'S VOICE|ADDISON|MISS CASWELL|MAX|PIANIST|GIRL,Undetermined|Undetermined|Undetermined|Undetermined|Female|Female|Undetermined|Female|Male|Female|Undetermined|Undetermined|Female|Undetermined|Male|Undetermined|Female, Y, Y
All About Steve,Comedy,MARY|TEACHER|ANGUS|STEVE|HARTMAN|SOLOMAN|CORBITT|NORM|HOWARD|ELIZABETH|CLYDE|RESCUER,Female|Female|Male|Male|Male|Male|Male|Undetermined|Female|Female|Undetermined|Male, Y, Y
All the King's Men,Drama,MAN|MADISON|JACK|WILLIE|SHERIFF|PILLSBURY|DUFFY|SUGAR BOY|PAPPY|LUCY|TOM|MRS. BURDEN|MCEVOY|STANTON|JUDGE|ANNE|WILLIE'S VOICE|POLITICIAN|SADIE|SENATOR|HALE|NARRATOR'S VOICE|ANNOUNCER'S VOICE|COP|ANNOUNCER,Male|Male|Male|Male|Male|Male|Male|Undetermined|Male|Male|Male|Undetermined|Male|Male|Male|Female|Undetermined|Undetermined|Female|Undetermined|Male|Undetermined|Undetermined|Undetermined|Undetermined, Y, N
All the President's Men,Drama|Thriller,WOODWARD|ROSENFELD|CLERK|CADDY|JUDGE|MCCORD|SIMONS|BERNSTEIN|SECRETARY|BRADLEE|DEEP THROAT|IRWIN|HANNAH|DARDIS|NATIONAL EDITOR|FOREIGN EDITOR|JANE|MIDDLE-AGED MAN|BOOKKEEPER'S SISTER|BOOKKEEPER|MRS. SLOAN|SLOAN|CREEP P.R. MAN|WHITE HOUSE SPOKESMAN|MRS. GRAHAM|SEGRETTI|BERGER|WESTERN SENATOR,Male|Male|Male|Undetermined|Male|Undetermined|Male|Male|Female|Male|Undetermined|Undetermined|Female|Undetermined|Undetermined|Undetermined|Undetermined|Undetermined|Undetermined|Female|Undetermined|Male|Undetermined|Undetermined|Undetermined|Male|Female|Undetermined, Y, N
Almost Famous,Comedy|Drama|Romance,ELAINE|WILLIAM|ANITA|LESTER BANGS|BANGS|SCOTTY|ESTRELLA|PENNY LANE|POLEXIA|PENNY|SAPPHIRE|DICK|JEFF|LARRY|RUSSELL|DARRYL|RIC|BEN|MRS. DEEGAN|PROMOTER|DENNIS HOPE|LESLIE|PRINCIPAL|DOCTOR|JANN|FACT CHECKER|FELTON,Female|Male|Female|Undetermined|Male|Male|Female|Undetermined|Male|Undetermined|Female|Male|Male|Male|Male|Male|Undetermined|Male|Undetermined|Undetermined|Undetermined|Female|Undetermined|Male|Male|Undetermined|Male, Y, Y
Alone in the Dark,Action|Horror|Thriller, , , ,
Amadeus,Drama,OLD SALIERI|VALET|VOGLER|ARCO|COLLOREDO|MOZART|CONSTANZE|JOSEPH|VON SWIETEN|ORSINI-ROSENBERG|VON STRACK|BONNO|SALIERI|LORL|CAVALIERI|MADAME WEBER|LEOPOLD|SERVANT|SCHIKANEDER|SCHLUMBERG|FRAU SCHLUMBERG|COMMENDATORE|FIRST LADY|SECOND LADY|THIRD LADY|SOPRANO|PAPAGENO|UGLY OLD WOMAN|OFFICER,Undetermined|Male|Male|Male|Male|Male|Female|Male|Undetermined|Male|Undetermined|Male|Male|Female|Female|Undetermined|Male|Male|Male|Male|Undetermined|Male|Undetermined|Undetermined|Undetermined|Female|Undetermined|Undetermined|Undetermined, Y, Y
Amelia,Drama,AMELIA|FRED|SAM|MABEL|GEORGE|DOROTHY|BILL|REPORTER|ELINOR|MELIA|GENE|ELEANOR|GORE,Female|Undetermined|Female|Female|Male|Female|Female|Undetermined|Undetermined|Female|Male|Undetermined|Male, Y, Y
American Beauty,Drama,JANE|CAROLYN|LESTER|BRAD|ANGELA|RICKY|BARBARA|COLONEL|BUDDY,Female|Female|Male|Male|Undetermined|Male|Undetermined|Male|Male, Y, Y
American Gangster,Crime|Drama, , , ,
American Graffiti,Comedy|Drama,WOLFMAN|TERRY|STEVE|CURT|GIRL|JOHN|BUDDA|LAURIE|MAN|PAZUDO|GUY|FIRST GIRL|CAROL|PEG|EDDIE|MR. WOLFE|HOLSTEIN|FALFA|DEBBIE|WENDY|VIC|BOBBIE|OWNER|JOE|ANTS|CARLOS|OPERATOR|MR. GORDON|HANK|VOICE|JUDY|MANAGER,Male|Male|Female|Male|Female|Male|Female|Female|Male|Undetermined|Male|Undetermined|Female|Female|Male|Undetermined|Male|Male|Male|Undetermined|Female|Female|Male|Male|Male|Male|Undetermined|Undetermined|Male|Male|Female|Male, Y, N
American History X,Crime|Drama|Thriller,DANNY|STACEY|DEREK|RASMUSSEN|SWEENEY|REPORTER|MURRAY|SETH|LAWRENCE|CAMMERON|JASON|CHRIS|DAVINA|DORIS|CASSANDRA|CURTIS|LIZZY|LAMONT|STEVIE|DENNIS|HOMELESS MAN|BLACK MAN|LITTLE HENRY,Male|Male|Male|Male|Male|Undetermined|Male|Male|Male|Male|Male|Male|Female|Male|Undetermined|Male|Female|Male|Male|Male|Undetermined|Undetermined|Undetermined, Y, Y
American Hustle,Crime|Drama,IRVING ROSENFELD|RICHIE DIMASO|EDITH GREENSLY|CARMINE POLITO|CARL ELWAY|SYDNEY PROSSER|ROSALYN ROSENFELD|STODDARD THORSEN|BRENDA MCPHERSON|DOLLY POLITO|PACO HERNANDEZ|PETE MUSANE|VICTOR TELLEGIO|ANTHONY AMADO|JOHN O'CONNELL|ALFONSE SIMONE,Undetermined|Undetermined|Undetermined|Undetermined|Undetermined|Undetermined|Undetermined|Undetermined|Undetermined|Undetermined|Undetermined|Undetermined|Undetermined|Undetermined|Undetermined|Undetermined, N, N
American Madness,Drama,FADE IN|OPERATOR|SHOT|TELLER|CHARLIE|OSCAR|MATT|HELEN|CLARK|SCHULTZ|AMES|IVES|O'BRIEN|CLUETT|CLERK|GARDINER|DICKSON|BILL|JANITOR|CLOSE SHOT|MRS. PEMBROKE|GUARD|DICKSON'S VOICE|DUDE|MRS. DICKSON|HELEN'S VOICE|SAMPSON|DETECTIVE|INSPECTOR'S VOICE|INSPECTOR|MAN|MRS. HALLIGAN,Undetermined|Undetermined|Male|Male|Male|Undetermined|Male|Female|Male|Undetermined|Undetermined|Undetermined|Undetermined|Male|Undetermined|Undetermined|Male|Male|Undetermined|Undetermined|Undetermined|Male|Undetermined|Male|Undetermined|Undetermined|Male|Female|Undetermined|Male|Male|Undetermined, Y, N
American Outlaws,Action|Comedy|Western, , , ,
American Pie,Comedy,JIM|JIM'S MOM|JIM'S DAD|KEVIN|VICKY|OZ|MICHELLE|JESSICA|FINCH|STIFLER|KEVIN'S BROTHER|SHERMAN|NADIA|COLLEGE CHICK|SOPHOMORE CHICK|CENTRAL GIRL|HEATHER|ENTHRALLED GIRL|CHOIR TEACHER|COACH MARSHALL|RANDOM CUTE GIRL|STIFLER'S BROTHER|GIRL HOLDING OUT FOR FINCH|STIFLER'S MOM,Male|Undetermined|Undetermined|Male|Female|Male|Undetermined|Female|Male|Male|Undetermined|Female|Female|Undetermined|Undetermined|Undetermined|Male|Undetermined|Undetermined|Undetermined|Undetermined|Undetermined|Undetermined|Undetermined, Y, Y
American President| The,Comedy|Drama|Romance,AGENT COOPER|JANIE|SHEPHERD|LEWIS|MRS. CHAPIL|ROBIN|A.J.|KODAK|SUSAN|LEO|LUCY|CHAIRMAN|SYDNEY|BETH|DAVID|RUMSON|ESTHER|THE OUTER OFFICE|LEO'S SECRETARY|JEFF|STU,Undetermined|Female|Male|Male|Undetermined|Undetermined|Male|Male|Female|Male|Female|Undetermined|Female|Female|Male|Male|Undetermined|Undetermined|Undetermined|Undetermined|Male, Y, Y
American Psycho,Drama|Horror|Thriller,WAITER|VAN PATTEN|PRICE|BATEMAN|JEAN|EVELYN|COURTNEY|CARRUTHERS|VICTORIA|MAITRE D'|OWEN|HOMELESS MAN|KIMBALL|CHRISTIE|DAISY|ELIZABETH|MRS. WOLFE|CARNES,Male|Undetermined|Male|Male|Male|Female|Female|Male|Male|Undetermined|Male|Undetermined|Male|Female|Male|Female|Undetermined|Male, Y, Y
American Shaolin: King of Kickboxers II,Action, , , ,
American Sniper,Action|Drama,WAYNE|CHRIS|WAYNE KYLE|JEFF|SARAH|NAVY RECRUITER|CHRIS KYLE|INSTRUCTOR ROLLE|BIGGLES|TAYA|PO TOSH|MARC LEE|GOAT|THOMPSON|SANCHEZ|AGENT SHEAD|DOCTOR HOFFSTADER|MASTER CHIEF MARTIN|COL. JONES|DAUBER|TERP|COLTON,Male|Male|Undetermined|Male|Male|Undetermined|Undetermined|Undetermined|Male|Female|Undetermined|Undetermined|Male|Undetermined|Undetermined|Undetermined|Undetermined|Undetermined|Undetermined|Male|Undetermined|Male, N, N
American Splendor,Comedy|Drama,HARVEY|JOYCE|HOUSEWIFE|KID|TOBY|MR. BOATS|MARTY|CRUMB|PAHLS|ALICE|RAND|STAGE MANAGER|LETTERMAN|LETTERMAN REGULAR|FRED|DANIELLE,Male|Female|Undetermined|Male|Male|Undetermined|Male|Undetermined|Undetermined|Female|Undetermined|Undetermined|Male|Undetermined|Male|Male, Y, Y
American Werewolf in London,Comedy|Horror|Romance,JACK|DAVID|WOMAN|CHESS PLAYER|DART PLAYER|ALEX|MISS GALLAGHER|DR. HIRSCH|MR. COLLINS|LT. VILLIERS|MRS. HOBBS|BENJAMIN|ORDERLY|HARRY|PASSENGER|LITTLE BOY|DRIVER|BOBBIE|TICKET LADY|BRINGSLY,Male|Male|Undetermined|Undetermined|Undetermined|Female|Undetermined|Undetermined|Undetermined|Undetermined|Undetermined|Male|Undetermined|Female|Male|Undetermined|Female|Male|Undetermined|Undetermined, Y, Y
American| The,Crime|Drama|Thriller,INGRID|JACK|LARRY|FATHER BENEDETTO|WOMAN|MATHILDE|CLARA|ANNA|WAITER,Female|Male|Male|Undetermined|Female|Male|Female|Female|Undetermined, Y, N
Amityville Asylum| The,Horror,MIXTER|LISA|MAN|DELANEY|HARDCASTLE|PEMBERTON|SADIE|PALMER|NANCY|BUTCH|RONALD SENIOR|LOUISE|GLORIA|PRESENTER,Male|Female|Male|Male|Male|Male|Female|Male|Undetermined|Male|Undetermined|Male|Undetermined|Undetermined, Y, N
Amour,Drama|Romance,SUPERINTENDENT|GEORGES|ANNE|EVA|SUPERINTENDENT'S WIFE|SOLOIST|GEOFF|NURSE,Male|Male|Female|Female|Undetermined|Male|Female|Female, Y, N
An Education,Drama,MISS STUBBS|JENNY|GRAHAM|DAVID|MARJORIE|HATTIE|TINA|JACK|HELEN|DANNY|AUCTIONEER|HEADMISTRESS,Undetermined|Female|Male|Male|Female|Female|Female|Male|Female|Male|Male|Female, Y, N
Analyze That,Comedy|Crime,VITTI|EARL|BEN|COYOTE|LAURA|MICHAEL|MILLER|CERRONE|DR. CUTLER|CHAPIN|JELLY|MASIELLO|EDDIE|PATTY|JOEY BOOTS|RAOUL|GUNMAN|RIGAZZI|CAESAR|TONY BELLA|AL PACINO|CAPTAIN,Male|Undetermined|Male|Male|Male|Male|Undetermined|Female|Undetermined|Undetermined|Male|Undetermined|Male|Undetermined|Undetermined|Male|Undetermined|Male|Male|Undetermined|Undetermined|Undetermined, N, N
Analyze This,Comedy|Crime,MANETTA|VITTI|CAROLINE|BEN|MICHAEL|JIMMY|JELLY|DOROTHY|ISAAC|MASIELLO|MANGANO|DOCTOR|LAURA|SHEILA|AGENT RICCI|AGENT STEADMAN|MARIE|SINDONE|MOONY|AGENT PROVANO|ELAINE,Male|Male|Undetermined|Male|Male|Male|Male|Female|Female|Undetermined|Male|Male|Female|Undetermined|Undetermined|Undetermined|Undetermined|Male|Male|Undetermined|Female, Y, Y
Anastasia,Family|Animation|Musical,ANASTASIA|TATIANA|NICHOLAS|RASPUTIN|DMITRI|GREGOR|PHLEGMENKOF|ANYA|GUARD|VLADIMIR|BARTOK|SOPHIE,Female|Female|Undetermined|Male|Male|Female|Female|Female|Male|Male|Male|Female, Y, Y
Angel Eyes,Drama|Romance,SHARON|ROBBY|CATCH|KID|SANDERMAN|DRIVER|MRS. VANDER|LARRY|KATHY|RAY|SANCHEZ|ELANORA|MAN|MOTHER|MOM|JACK|BAT-MAN|PINDELLA|FATHER,Female|Male|Male|Male|Female|Male|Undetermined|Female|Female|Male|Male|Female|Male|Female|Female|Male|Undetermined|Female|Female, Y, Y
Angels & Demons,Drama|Mystery|Thriller,VINCENZO|FR. SIMEON|MORTATI|OLIVETTI|LANGDON|ROCHER|VITTORIA|CAMERLENGO|MR. GRAY|ROMAN COP|SWISS GUARDSMAN|CHARTRAND,Male|Undetermined|Male|Male|Male|Male|Male|Male|Undetermined|Undetermined|Undetermined|Male, N, N
Anna Karenina,Drama,AGAFIA|LEVIN|MATVEY|OBLONSKY|TIME--DAY|DOLLY|DAY|ANNA|KARENIN|NIGHT|SEROZHA|COUNTESS VRONSKY|KITTY|VRONSKY|NIKOLAI|TIME--NIGHT|SERAFINA|PRINCE SHCHERBATSKY|PRINCESS SHCHERBATSKY|COUNTESS NORDSTON|BARONESS|BETSY|DEMIN|LYDIA|PRINCESS MYAGKAYA|ALEXANDER|THEODORE|KAPITONICH|ANNUSHKA|YASHVIN,Female|Male|Male|Male|Undetermined|Female|Undetermined|Female|Male|Male|Male|Undetermined|Female|Male|Male|Undetermined|Female|Undetermined|Undetermined|Undetermined|Undetermined|Female|Undetermined|Female|Undetermined|Male|Male|Undetermined|Female|Male, Y, Y
Annie Hall,Comedy|Romance,ALVY|MOTHER|DOCTOR|ALVY'S VOICE|TEACHER|ROB|ANNIE|MAN IN LINE|ALLISON|ANNIE'S VOICE|JERRY|ROBIN|JANET|YOUNG WOMAN|MOM HALL|DAD HALL|DUANE|ALVY'S FATHER|ALVY'S MOTHER|ALVY'S VOICE-OVER|REPORTER|TONY|VOICES|GIRL IN WHITE|GIRL DATE|ACTOR|ACTRESS,Male|Male|Male|Undetermined|Undetermined|Undetermined|Male|Undetermined|Undetermined|Undetermined|Male|Female|Undetermined|Undetermined|Undetermined|Undetermined|Undetermined|Undetermined|Undetermined|Undetermined|Undetermined|Male|Undetermined|Undetermined|Undetermined|Female|Female, Y, Y
Anniversary Party| The,Drama,JOE|NEW ANGLE|SALLY|AMERICA|JUDY|JERRY|CAL|SOPHIA|JACK|RYAN|MONICA|MAC|CLAIR|GINA|PANES|SKYE|JEFFREY|ASTRID,Male|Undetermined|Female|Male|Female|Male|Undetermined|Female|Female|Male|Female|Male|Female|Female|Male|Female|Undetermined|Female, Y, Y
Anonymous,Drama|Thriller,ON STAGE|JONSON|BACKSTAGE|OXFORD|IN OXFORD'S BOX|WIDER|ELIZABETH|IN THE GALLERIES|YOUNG ELIZABETH|WILLIAM CECIL,Undetermined|Male|Undetermined|Male|Undetermined|Undetermined|Female|Undetermined|Undetermined|Undetermined, N, N
Antitrust,Thriller|Crime|Drama,VOICE|GARY|LARRY|BRIAN|ALICE|REDMOND|DANNY|MILO|TEDDY|HOUSEMAN|PHIL|RANDY|BARTON|DESI|SHROT|LISA|LAWYER|GUARD|DELBERT|MULTIMEDIA NARRATOR|LEN|LINDER|GARY'S VOICE OVER,Male|Male|Male|Male|Female|Male|Male|Male|Male|Male|Undetermined|Male|Male|Male|Male|Female|Undetermined|Male|Male|Undetermined|Male|Undetermined|Undetermined, Y, Y
Antz,Adventure|Animation|Comedy|Fantasy,MOTIVATIONAL COUNSELLOR|AZTECA|CARPENTER|FORMICA|QUEEN|BALA|WEAVER|MANDIBLE|COLONEL|BARBATUS|ANT OFFICER|FOREMAN|MALE WASP|TRACKER ANT|FLY,Undetermined|Male|Male|Male|Female|Female|Male|Male|Undetermined|Undetermined|Undetermined|Undetermined|Undetermined|Undetermined|Undetermined, Y, Y
Apartment| The,Comedy,KIRKEBY|SYLVIA|MRS. LIEBERMAN|BUD|MRS. DREYFUSS|DR. DREYFUSS|DOBISCH|BLONDE|FRAN|VANDERHOF|MOFFETT|MISS OLSEN|SHELDRAKE|MARGIE|BARTENDER|TOMMY|MATUSCHKA,Male|Female|Undetermined|Male|Undetermined|Undetermined|Male|Male|Female|Undetermined|Male|Undetermined|Male|Female|Female|Male|Male, Y, Y
Apocalypse Now,Action|Drama|War,CHARLIE|CAPTAIN|WILLARD|CIVILIAN|COLONEL|MAJOR|CHIEF|CHEF|CLEAN|LANCE|SERGEANT|AGENT|KILGORE|MIKE|GUNNER|PILOT|LIEUTENANT|SOLDIER|VOICE|ROACH|PHILIPPE|GASTON|ROXANNE|MOONBY|COLBY|KURTZ|KURTZ'S WIFE,Undetermined|Undetermined|Male|Undetermined|Male|Male|Male|Male|Male|Male|Male|Male|Male|Male|Male|Undetermined|Male|Male|Male|Male|Male|Male|Female|Male|Male|Male|Undetermined, N, N
Apollo 13,Drama|Adventure, , , ,
April Fool's Day,Comedy|Horror|Mystery,CHAZ'S VOICE|KIT|ARCH|NIKKI|ROB|CLARA|MUFFY|CHAZ|NAN|SKIP|FERRYMAN|BUCK|HARVEY|CONSTABLE POTTER|WIDER|LOW ANGLE|HER POV|UNCLE FRANK|CAL,Undetermined|Female|Male|Female|Male|Undetermined|Female|Male|Female|Male|Male|Male|Male|Undetermined|Undetermined|Undetermined|Undetermined|Undetermined|Undetermined, Y, Y
Apt Pupil,Drama|Thriller,DUSSANDER|TODD|JOEY|DICK|BECKY|MONICA|AGNES|VICTOR|FRENCH|ARCHIE|MORGAN|BEN|DARREN|WEISKOPF|RICHLER,Male|Male|Male|Male|Female|Male|Male|Male|Male|Male|Undetermined|Male|Male|Male|Male, N, N
Arbitrage,Drama|Thriller,ROBERT|GAVIN|ELLEN|BROOKE|JULIE|JEFFREY|BARNES|AIMES|ASSISTANT|BRYER|MILLS|JIMMY|SYD|CHRIS|MAE|EARL|BEN|FLORES|DEFERLITO|MAYFIELD|RITTENBAND,Male|Male|Female|Female|Undetermined|Male|Undetermined|Undetermined|Male|Male|Male|Male|Male|Male|Undetermined|Male|Undetermined|Male|Male|Male|Undetermined, Y, Y
Arcade,Sci-Fi,ALEX|NICK|BENZ|STILTS|LAURIE|GREG|ARCADE|DELOACH|DIFFORD|ON SCREEN|ON NICK|RECEPTIONIST|ALBERT|THE SCREAMER|THE BOY|BOY|ALEX'S MOTHER,Female|Male|Male|Male|Female|Male|Female|Undetermined|Male|Undetermined|Undetermined|Male|Male|Undetermined|Undetermined|Female|Undetermined, Y, Y
Arctic Blue,Action|Thriller,ERIC|WIDER|BACK TO SCENE|NEW ANGLE|ANNE MARIE|LEMALLE|MITCHELL|CORBETT|WILDER|KENAI|MEYERLING|NEFF|VIKING BOB|PILOT,Male|Undetermined|Undetermined|Undetermined|Undetermined|Male|Male|Male|Male|Male|Male|Male|Undetermined|Male, N, N
Argo,Drama|Thriller,BOB ANDERS|ANN SWIFT|MARK LIJEK|AL GOLACINSKI|J STAFFORD|CORA LIJEK|BATES|PENDER|VANCE|JORDAN|TITTERTON|O'DONNELL|MENDEZ|ENGELL|LAMONT|NIGHT|TAYLOR|PAT TAYLOR|KATHY STAFFORD|LEE SCHATZ|CHAMBERS|SAHAR|SIEGEL|ANOTHER ANGLE|KLEIN|REPORTER|DAY|TURNER|NICHOLLS|REZA|KHALKALI|MALINOV|AZIZI,Undetermined|Undetermined|Undetermined|Undetermined|Undetermined|Undetermined|Undetermined|Male|Male|Male|Undetermined|Male|Male|Undetermined|Undetermined|Undetermined|Male|Undetermined|Undetermined|Undetermined|Male|Female|Male|Undetermined|Undetermined|Undetermined|Male|Undetermined|Undetermined|Undetermined|Undetermined|Undetermined|Male, N, N
Armageddon,Action|Sci-Fi|Thriller,A.J.,Male, N, N
Army of Darkness,Adventure|Fantasy|Action|Comedy|Horror,ASH|WISEMAN JOHN|ARTHUR|SHEILA|HENRY|EVIL ASH,Male|Undetermined|Male|Male|Male|Undetermined, N, N
Arsenic and Old Lace,Comedy|Crime,THE PHOTOGRAPHER|THE OTHER JOURNALIST|THE CLERK|ELAINE|MORTIMER|BROPHY|O'HARA|ABBY|REVEREND HARPER|TEDDY|MARTHA|CAB DRIVER|GIBBS|WITHERSPOON|JONATHAN|DOCTOR EINSTEIN|JUDGE CULLMAN|DOCTOR GILCHRIST|SAUNDERS|LIEUTENANT ROONEY,Undetermined|Undetermined|Undetermined|Female|Male|Male|Male|Female|Undetermined|Male|Female|Undetermined|Male|Male|Male|Undetermined|Undetermined|Undetermined|Male|Undetermined, Y, N
Arthur,Comedy,ARTHUR|JAY|ERICA|ERICA'S FATHER|HOBSON|MARTY|NAOMI|GRANT|VIVIENNE|BURT|SUSAN|RALPH|OLD WOMAN|JUSTIN,Male|Undetermined|Female|Undetermined|Undetermined|Male|Female|Undetermined|Female|Male|Female|Male|Undetermined|Female, Y, Y
Artist| The,Romance|Comedy|Drama, , , ,
As Good As It Gets,Comedy|Drama|Romance,MELVIN|SIMON|FRANK|CAROL|ON CAROL|YOUNG MAN|BEVERLY|SPENCER|EVAN|DOUG|CARL|VINCENT|RAY|JACKIE|BACK TO SCENE|DOCTOR|ZOE|DR. BETTES|NORA|HEAD WAITER,Male|Male|Male|Female|Undetermined|Undetermined|Female|Undetermined|Undetermined|Undetermined|Undetermined|Male|Undetermined|Undetermined|Undetermined|Undetermined|Female|Undetermined|Male|Undetermined, Y, Y
Assassins,Action|Thriller,KETCHAM|RATH|ESCORT|BAIN|ELECTRA|CABBY|JENNIFER|OFFICIAL,Male|Male|Undetermined|Male|Female|Undetermined|Female|Male, Y, Y
Assignment| The,Thriller,CARLOS|DU FOLTIERE|JACK|KOJ|MICKENA|AMOS|RAMIREZ|JOEY|MAURA|CRAWFORD|HEAD KGB OFFICER|CARLA|AGNIESKA|OFFICIAL|VOICE|VLADIMIR|PERSON HOLDING HER|FRANK|POSTMAN|MENDOZA,Male|Undetermined|Male|Male|Undetermined|Male|Male|Male|Male|Undetermined|Undetermined|Male|Female|Undetermined|Female|Male|Undetermined|Male|Male|Undetermined, Y, Y
At First Sight,Drama, , , ,
August: Osage County,Drama, , , ,
Austin Powers - International Man of Mystery,Action|Comedy,DR. EVIL|AUSTIN|MRS. KENSINGTON|BASIL EXPOSITION|MICK JAGGER|ANDY WARHOL|QUEEN|RADAR OPERATOR|COMMANDER GILMOUR|FEMALE ANNOUNCER|VANESSA|CLERK|MUSTAFA|PATTY O'BRIEN|FRAU FARBISSINA|NUMBER TWO|SCOTT EVIL|DEALER|TEXAN|ALOTTA|THERAPIST|GUARD|EASTERN EUROPEAN MAN,Undetermined|Male|Undetermined|Undetermined|Undetermined|Undetermined|Female|Undetermined|Undetermined|Undetermined|Female|Undetermined|Undetermined|Undetermined|Undetermined|Undetermined|Undetermined|Male|Male|Female|Undetermined|Male|Undetermined, Y, Y
Austin Powers - The Spy Who Shagged Me,Action|Comedy,VANESSA|AUSTIN|DR. EVIL|KLANSMAN|JERRY SPRINGER|SCOTT|NUMBER TWO|FRAU|BASIL EXPOSITION|IVANA|FELICITY|GURU PITKA|DISCIPLES|FAT BASTARD|ROBIN SWALLOWS|PRESIDENT|ICE CREAM MAN|COLONEL,Female|Male|Undetermined|Male|Undetermined|Male|Undetermined|Male|Undetermined|Undetermined|Female|Undetermined|Undetermined|Undetermined|Undetermined|Male|Undetermined|Undetermined, Y, Y
Authors Anonymous,Comedy,ALAN|HANNAH|JOHN|WILLIAM|MAUREEN|COLETTE|HENRY|SIGRID|DAVID|RICHARD|LOIS,Male|Female|Male|Male|Female|Female|Male|Male|Male|Male|Female, Y, N
Autumn in New York,Romance|Drama,WILLS|WOMAN|CHARLOTTE|TANYA|JESUS|CELIA|JOHN|SIMON|SHANNON|DOLLY|OLIVIA|SARAH|MICHAEL|LISA|SIBLEY|CHARLOTTE'S VOICE|PATTY|ERIC|GRANDY,Male|Male|Female|Undetermined|Undetermined|Undetermined|Male|Male|Female|Female|Female|Male|Female|Male|Male|Undetermined|Female|Undetermined|Male, Y, Y
Avatar,Action|Adventure|Sci-Fi,JAKE|CREW CHIEF|WAINFLEET|QUARITCH|NORM|MAX|GRACE|SELFRIDGE|TRUDY|NEYTIRI|TSU'TEY|EYTUKAN|MO'AT|TROOPER|PILOT,Male|Undetermined|Male|Male|Male|Male|Male|Male|Male|Female|Male|Male|Male|Male|Undetermined, N, N
Avengers| The,Action|Adventure,EMMA|PETER|VALENTINE|STEED|MOTHER|BRENDA|PORTER|FATHER|DR. DARLING|TRUBSHAW|SIR AUGUST|MAN|BAILEY|OLD LADY,Female|Female|Female|Male|Male|Female|Undetermined|Female|Undetermined|Male|Undetermined|Male|Male|Undetermined, Y, N
Avengers| The (2012),Action|Adventure|Sci-Fi,NICK FURY|AGENT MARIA HILL|SELVIG|CLINT BARTON|LOKI|LUCHKOV|NATASHA|BANNER|STEVE|TONY|PEPPER|JARVIS|THE OTHER|CAPTAIN AMERICA|IRON MAN|THOR|SECURITY GUARD|HAWKEYE|BLACK WIDOW,Undetermined|Undetermined|Male|Undetermined|Male|Undetermined|Female|Male|Male|Male|Male|Undetermined|Undetermined|Undetermined|Undetermined|Male|Undetermined|Male|Undetermined, N, N
Avventura| L' (The Adventure),Drama|Mystery|Thriller,ANNA|FATHER|CLAUDIA|SANDRO|OLD MAN|GIULIA|CORRADO|PATRIZIA|RAIMONDO|SAILOR|MARSHAL|CARABINIERE|ANNA'S FATHER|LIEUTENANT|YOUNG SAILOR|SERGEANT|WOMAN'S VOICE|MAN'S VOICE|PRINCESS|ETTORE|GOFFREDO|ZURIA|GIRL|HUSBAND|WIFE|MIDWIFE,Female|Female|Female|Male|Undetermined|Female|Undetermined|Female|Male|Male|Male|Undetermined|Undetermined|Male|Undetermined|Male|Undetermined|Undetermined|Undetermined|Male|Female|Male|Female|Female|Male|Undetermined, Y, N
Awakenings,Drama, , , ,
Babel,Drama|Thriller,ABDULLAH|YASIRA|AHMED|MIKE|AMELIA|ANWAR|YUSSEF|SANTIAGO|RICHARD|ALARID|LUIS|PATRICIA|DOCTOR|ANWAR'S GRANDMOTHER|MOHAMMED|SUSAN|TOM|DOUGLAS|CHIEKO|MITSU|HASSAN|OFFICER|DEBBIE|POLICEMAN|JAMES|KENJI|JOHN|ELISEO|POLICE OFFICER|YASUJIRO,Male|Female|Male|Male|Female|Male|Male|Male|Male|Male|Female|Female|Male|Undetermined|Undetermined|Female|Male|Undetermined|Female|Female|Male|Male|Female|Male|Male|Female|Female|Undetermined|Undetermined|Male, Y, N
Bachelor Party,Comedy,SISTER MARY FRANCIS|RICK|O'NEILL|WOMAN|CHULO|GARY|CUSTOMER ONE|RYKO|CUSTOMER|PHOEBE|DEBBIE|BOBBIE|COLE|STAN|TINA|MR. THOMERSON|MRS. THOMERSON|MAN|ILENE|FATHER FALWELL|LARRY|JUMBO|MANAGER|GUYS|MARGOT|MICHAEL|EXECUTIVE|NICK|RAJAH|TRACEY|LAVERNE|MC,Undetermined|Male|Male|Female|Male|Male|Undetermined|Male|Female|Female|Female|Undetermined|Male|Male|Female|Undetermined|Undetermined|Male|Female|Undetermined|Male|Male|Undetermined|Male|Female|Undetermined|Male|Undetermined|Male|Male|Female|Female, Y, Y
Bachelor Party| The,Drama,HELEN|CHARLIE|KENNETH|GIRL|WALTER|EDDIE|ARNOLD|THE EXISTENTIALIST|JULIE|THE WOMAN|HOSTESS|BARTENDER,Undetermined|Male|Male|Male|Male|Male|Male|Undetermined|Female|Undetermined|Female|Undetermined, Y, N
Back to the Future,Action|Comedy|Family|Sci-Fi, , , ,
Back to the Future II & III,Adventure|Comedy|Family|Sci-Fi|Western, , , ,
Back-up Plan| The,Comedy|Romance,ZOE|DR. HARRIS|BOBBY|MONA|STAN|JALISA|CAROL|LORI|OLIVIA|FRED|ARTHUR|NANA|JOAN|TABITHA|WOMAN,Female|Undetermined|Male|Female|Female|Female|Female|Female|Female|Undetermined|Female|Female|Female|Female|Female, Y, Y
Backdraft,Action|Drama|Mystery|Thriller,STEPHEN|BRIAN|DENNIS|AXE|CHIEF FITZGERALD|TIM|WILLY|JENNIFER|SHADOW|HELEN|SCHMIDT|GRINDLE|SANTOS|PENGELLY|PARAMEDIC|SWAYZAK|WOMAN|RONALD|MAN|RICCO,Male|Male|Male|Male|Undetermined|Male|Male|Female|Male|Female|Male|Male|Undetermined|Undetermined|Undetermined|Male|Undetermined|Male|Male|Undetermined, Y, Y
Bad Boys,Action|Comedy, , , ,
Bad Country,Action|Crime|Drama,GRACE|BUD|NEWSCASTER|RAY|SHEPARD|COBB|MARANDINO|BUD V.O.|LYNN|JESSE|BRADDOCK|CHARLIE V.O.|MURPHY|CATFISH|CZAPP|LUCIAN V.O.|KIERSEY|FITCH|NOKES|BUZZ|MORRIS|LUCIAN|LYNN V.O.|COBB V.O.|JACKET|MILLS|MARANDINO V.O.,Male|Male|Undetermined|Male|Male|Male|Male|Undetermined|Female|Male|Male|Undetermined|Undetermined|Male|Undetermined|Undetermined|Male|Male|Undetermined|Male|Male|Male|Undetermined|Undetermined|Male|Male|Undetermined, N, N
Bad Day at Black Rock,Drama|Thriller|Western,HASTINGS|CONDUCTOR|MACREEDY|COLEY|HECTOR|PETE|DOC|SAM|SMITH|T.J.|TIM|LIZ,Male|Male|Male|Male|Male|Male|Male|Male|Male|Male|Male|Female, N, N
Bad Dreams,Horror|Thriller, , , ,
Bad Lieutenant,Crime|Drama,LT|BET COP|LITE|JC|ARIANE|FIRST COP|SECOND COP|OLD IRISH COP|NUN|PRIEST|LARGE|JESUS|ELDERLY BLACK WOMAN|FENCE,Male|Undetermined|Male|Male|Undetermined|Undetermined|Undetermined|Undetermined|Female|Undetermined|Undetermined|Male|Undetermined|Male, N, N
Bad Santa,Comedy|Crime,SANTA|WILLIE|MARCUS|LOIS|CHIPESKA|KID|TROUBLEMAKER|SUE|GRANDMA|GIN|PRISONER,Male|Male|Male|Female|Male|Male|Undetermined|Male|Female|Male|Undetermined, Y, Y
Bad Teacher,Comedy,PRINCIPAL SNUR|SANDY|AMY|ELIZABETH|ANGLE ON|MARK|LYNN|CHASE|GARRETT|TRISTAN|SASHA|SCOTT|DANNI|KIRK|MELODY|TUCKER|CARL|TOUR GUIDE|DETECTIVE,Undetermined|Male|Female|Female|Undetermined|Female|Female|Female|Male|Male|Female|Male|Female|Male|Male|Male|Male|Undetermined|Undetermined, Y, Y
Badlands,Crime|Thriller|Drama,DISSOLVE TO|KIT|CATO|HOLLY|FATHER|BOY|GIRL|RICH MAN|VISITOR|SHERIFF|DEPUTY,Undetermined|Male|Male|Male|Male|Male|Male|Undetermined|Male|Male|Male, N, N
Bamboozled,Comedy|Drama,CLOSE ON|CHEEBA|ANGLE ON|DELACROIX|MANRAY|DUNWITTY|SLOAN|BIG BLACK|MANTAN|DOUBLE BLACK|MO BLACK|JO BLACK|SMOOTH BLACK|ORCHID|JESSICA|MONA|ON DELACROIX|ON STAGE|ON SLOAN|JUKKA|SLEEP 'N EAT|ON AUDIENCE|ON MIRROR|CLOSER|JUNEBUG|DOT|HONEYCUTT|AUDIENCE|ON TV SCREEN|MYRNA|GARY BYRD|TAVIS SMILEY|ON MANRAY|MONTAGE|BARNETT,Undetermined|Undetermined|Undetermined|Male|Male|Male|Female|Undetermined|Male|Undetermined|Undetermined|Undetermined|Undetermined|Undetermined|Female|Female|Undetermined|Undetermined|Undetermined|Undetermined|Undetermined|Undetermined|Undetermined|Undetermined|Male|Male|Male|Male|Undetermined|Undetermined|Undetermined|Undetermined|Undetermined|Undetermined|Undetermined, Y, Y
Barry Lyndon,Drama|Romance|War,RODERICK|DOROTHY|CAPTAIN BEST|MICHAEL|CAPTAIN GROGAN|UNCLE|HARRY|MOTHER|MRS. O'REILLY|CAPTAIN O'REILLY|LAKENHAM|CAPTAIN GALGENSTEIN|MINISTER GALGENSTEIN|CHEVALIER|PRINCE|PRUSSIAN OFFICER|VALDEZ|COUNT|SIR WILLIAM|COUNTESS|BROOKSIDE|LORD WEST|HENRI|PATRICK|NEWCOMBE|TAPEWELL|NARRATOR,Male|Female|Undetermined|Male|Undetermined|Male|Male|Male|Undetermined|Undetermined|Male|Undetermined|Undetermined|Male|Male|Undetermined|Undetermined|Undetermined|Undetermined|Female|Male|Undetermined|Undetermined|Male|Undetermined|Male|Undetermined, Y, Y
Barton Fink,Comedy|Drama|Thriller,ACTOR|MAURY|BARTON|REVERSE|MAN|POPPY|RICHARD|GARLAND|CLERK|VOICE|HIS POV|FADE OUT|LIPNIK|LOU|CHARLIE|BACK TO BARTON|GEISLER|MAYHEW|WOMAN|AUDREY|CLAPPER|WRESTLER|THE HALLWAY|THE DOORWAY|BARTON'S ROOM|PETE|MASTRIONOTTI|DEUTSCH|MASTRIONOTTI AND DEUTSCH|BEAUTY,Undetermined|Undetermined|Male|Undetermined|Male|Undetermined|Undetermined|Undetermined|Undetermined|Undetermined|Undetermined|Undetermined|Male|Male|Male|Undetermined|Male|Male|Female|Undetermined|Undetermined|Male|Undetermined|Undetermined|Undetermined|Undetermined|Male|Male|Undetermined|Undetermined, N, N
Basic,Drama|Mystery|Thriller,PILOT|STYLES|HARDY|BARTENDER|OSBORNE|DUNBAR|WEST|THE CADETS|PIKE|KENDALL|MUELLER|NUNEZ|CHILDS|DOCTOR|SERGEANT|JAG LAWYER,Male|Male|Male|Male|Female|Male|Male|Undetermined|Male|Male|Male|Male|Male|Female|Male|Undetermined, Y, Y
Basic Instinct,Crime|Mystery|Thriller,GUS|NICK|LT. WALKER|CAPT. TALCOTT|HARRIGAN|THE WOMAN|ROXY|CATHERINE|BETH|ANDREWS|TALCOTT|DR. LAMOTT|CORRIGAN|NILSEN|AN I.A. MAN|CAMPUS COP|DETECTIVE,Male|Male|Undetermined|Undetermined|Male|Undetermined|Female|Male|Male|Male|Male|Undetermined|Male|Male|Undetermined|Undetermined|Male, N, N
Basquiat,Drama,BENNY|BASQUIAT|RENE|GINA|LESHKO|CHRIS|GREG|ALBERT MILO|MARY BOONE|MAITRE'D|ANDY WARHOL|BRUNO|HENRY|ANNINA NOSEI|CYNTHIA KRUGER|TOM KRUGER|COUNTERMAN|BIG PINK|ROCKETS|JACK MILO|DRIVER|INTERVIEWER|GEORGE|TOXIC|RAMMELLZEE|SHENGE|MARIA|STELLA,Male|Undetermined|Male|Female|Undetermined|Undetermined|Male|Undetermined|Undetermined|Undetermined|Undetermined|Male|Undetermined|Undetermined|Undetermined|Undetermined|Male|Undetermined|Male|Undetermined|Male|Undetermined|Male|Undetermined|Male|Male|Female|Undetermined, Y, Y
Batman,Action|Crime|Fantasy|Thriller,VOICE|NICK|EDDIE|BATMAN|DENT|ALICIA|JACK|ECKHARDT|PATROLMAN|KNOX|VICKI|GRISSOM|ALFRED|GORDON|BRUCE|COP|MIRANDA|JOKER|ANCHORWOMAN|COMPUTER|GOON I|GOON III|DICK,Female|Male|Male|Male|Male|Male|Male|Male|Undetermined|Male|Female|Male|Male|Male|Male|Male|Undetermined|Male|Female|Undetermined|Undetermined|Undetermined|Male, Y, N
Batman 2,Action|Crime|Fantasy|Thriller,COP|GORDON|ALFRED|BRUCE|GUARD|MR. BONIFACE|T-BONE|FRICK|PENGUIN|VICKI|SHAW|RED BERET I|RICKY|SELINA|BOAT THUG I|BULLOCK|BARRETT|BATMAN|PROVOST|TIPTREE|CATWOMAN|TRAFFIC COP|DICK,Male|Male|Male|Male|Male|Undetermined|Male|Male|Male|Female|Male|Undetermined|Undetermined|Female|Undetermined|Male|Male|Male|Male|Male|Female|Undetermined|Male, Y, Y
Battle of Algiers| The,Drama|War,MARC|PARA|MATHIEU|CAPTAIN|SPEAKER|ALI|PETIT OMAR|OMAR|DJAMILA|KADER|HACENE|MACHINE-GUN FIRE.|ASSISTANT COMMISSIONER|EMPLOYEE|OFFICER|ALGERIAN|SOLDIER|ARNAUD|HASSIBA|GENERAL|BEN M'HIDI|LOUDSPEAKER|SERGEANT|MOURAD|VOICES,Male|Male|Male|Male|Undetermined|Male|Undetermined|Male|Female|Male|Male|Undetermined|Undetermined|Male|Male|Male|Male|Male|Female|Undetermined|Undetermined|Undetermined|Male|Male|Male, Y, N
Battle of Shaker Heights| The,Drama|Romance|Comedy,KELLY|GERMAN OFFICER|GI|BART|ABE|EVE|XIOU-XIOU|SARAH|WOMAN|LANCE|BRIDGET|MR. NORMAN|HOLMSTEAD|TABBY|SKINNY GUY|MINER|HARRISON|MATHILDA|CHARLIE|DIRECTOR|A.D.,Male|Undetermined|Male|Male|Male|Female|Undetermined|Female|Female|Male|Male|Undetermined|Undetermined|Female|Undetermined|Male|Undetermined|Female|Male|Undetermined|Male, Y, Y
Battle: Los Angeles,Action|Sci-Fi, , , ,
Beach| The,Drama|Adventure|Thriller,RICHARD|FRANCOISE|ETIENNE|DAFFY|DETECTIVE|ZEPH|SAMMY|KEATY|SAL|CHRISTO|KARL|STEN|MIRJANA|BUGS|GREGORIO|SUMET|FARMER,Male|Male|Male|Male|Undetermined|Male|Male|Male|Female|Male|Undetermined|Male|Undetermined|Male|Undetermined|Female|Male, Y, Y
Bean,Comedy, , , ,
Beasts of the Southern Wild,Drama|Fantasy,WINK|HUSHPUPPY|MISS BATHSHEBA|MARIETTA'S VOICE|LITTLE JO|WALRUS|PETER T|JEAN BATTISTE|SERGEANT MAJOR|COOK,Male|Female|Undetermined|Undetermined|Undetermined|Male|Undetermined|Undetermined|Undetermined|Female, Y, Y
Beavis and Butt-head Do America,Animation|Comedy,BEAVIS|BUTT-HEAD|VAN DRIESSEN|MARCY|TOM|MUDDY|MARTHA|DRIVER|ROSS|DEALER|DALLAS|FLEMMING|BORK|AGENT|DUMB GUY|SANDY|LIEUTENANT,Male|Male|Undetermined|Male|Male|Male|Female|Male|Undetermined|Undetermined|Female|Male|Male|Male|Undetermined|Undetermined|Undetermined, Y, Y
Beginners,Comedy|Drama|Romance,ANDY|OLIVER|HAL|ARTHUR SUBTITLE|GEORGIA|ELLIOTT|SHAUNA|PARTIER|ANNA|YOUNG OLIVER|MANAGER|JUAN,Male|Male|Male|Undetermined|Female|Male|Female|Undetermined|Female|Undetermined|Undetermined|Male, Y, Y
Being Human,Comedy|Drama|Fantasy,HECTOR|LEADER|HERMAS|THALIA|LUCINNIUS|OFFICER|SLAVE|DOM PAULO|ANDRE|DA CUNHA|SALGADO|NUNO|DIAS|FATHER DIOGO|FRANCISCO|URSULA|BOBBY|POLICEMAN|DETECTIVE|SANTIAGO|SON|BORIS|ANNA|JANET|BETSY|THOMAS,Male|Male|Male|Undetermined|Male|Male|Male|Undetermined|Male|Undetermined|Male|Male|Male|Undetermined|Male|Undetermined|Male|Male|Undetermined|Male|Male|Undetermined|Female|Male|Female|Male, Y, N
Being John Malkovich,Comedy|Fantasy,LOTTE|CRAIG|FLORIS|LESTER|WENDY|DON|MERTIN|TINY WOMAN|MAXINE|PARROT|PETER|GLORIA|CABBIE|MALKOVICH|ERROLL|KEVIN BACON|AGENT|FLEMMER|MANTINI|HARRY S. TRUMAN PUPPET,Female|Male|Undetermined|Male|Undetermined|Undetermined|Male|Undetermined|Female|Female|Undetermined|Undetermined|Male|Male|Male|Undetermined|Undetermined|Male|Male|Undetermined, Y, Y
Being There,Comedy|Drama,LOUISE|CHANCE|HAYES|FRANKLIN|ABBAZ|DAVID|JEFFREY|EVE|WILSON|RAND|ALLENBY|BILLINGS|SMYTHE|WOLTZ|MRS. AUBREY|PRESIDENT|KAUFMAN|COURTNEY|KINNEY|HULL|COLSON|DUPONT|JOHANNA|FIRST LADY|SOPHIE|SKRAPINOV|KARPATOV|STIEGLER|DENNIS|DENNIS' VOICE|NOVOGROD|BALDWIN,Male|Male|Male|Male|Male|Female|Female|Male|Male|Male|Male|Undetermined|Undetermined|Undetermined|Undetermined|Male|Male|Male|Male|Male|Undetermined|Male|Undetermined|Undetermined|Male|Male|Undetermined|Undetermined|Male|Undetermined|Male|Undetermined, Y, Y
Believer| The,Drama,RAV ZINGESSER|AVI|DANNY|BILLINGS|CARLETON|VOICE|CURTIS|GUY DANIELSEN|CARLA|MRS. MOEBIUS|VOICES|LINA|O.L.|LINDA|FATHER|GUY|KYLE|CARLA'S VOICE|FIRST WAITER|HATE COUNSELOR|LINDA'S VOICE|DRAKE|STUART|MIRIAM|BRAND|REPORTER|ENRAGED MAN,Undetermined|Male|Male|Male|Male|Female|Male|Undetermined|Male|Undetermined|Male|Male|Male|Male|Male|Male|Male|Undetermined|Undetermined|Undetermined|Undetermined|Male|Male|Female|Undetermined|Undetermined|Undetermined, Y, Y
Belle,Drama|Romance,CAPTAIN SIR JOHN LINDSAY|LORD MANSFIELD|SIR JOHN LINDSAY|LADY MANSFIELD|LADY MARY|DIDO|JOHN|WIMBRIDGE|ELIZABETH|OLIVER|JAMES|LADY ASHFORD|LORD ASHFORD|MR VAUGHAN,Undetermined|Undetermined|Undetermined|Undetermined|Undetermined|Female|Male|Male|Female|Male|Female|Undetermined|Undetermined|Undetermined, Y, N
Beloved,Drama,HOWARD|DENVER|BABY SUGGS|SETHE|PAUL|HALLE|BELOVED|WHITE MAN|AMY|STAMP PAID|ELLA|WHITE GUARD|MRS. GARNER|SHERIFF|SAWYER|LADY JONES|M. LUCILLE|WILLIAMS|GRACE|JANEY,Male|Female|Undetermined|Female|Male|Female|Female|Undetermined|Female|Undetermined|Female|Undetermined|Undetermined|Undetermined|Female|Undetermined|Undetermined|Undetermined|Female|Undetermined, Y, Y
Benny & Joon,Comedy|Romance, , , ,
Best Exotic Marigold Hotel| The,Comedy|Drama,EVELYN|GILES|GRAHAM|MURIEL|JEAN|DOUGLAS|JUDITH|NORMAN|CRAIG|MADGE|JESSICA|CHRISTOPHER|DR GHUJARAPARTIDAR|SONNY|AJIT|SANJAY|SURESH|JAY|SUNAINA|MR MARUTHI|MRS KAPOOR|MR DHARUNA|MR CHIDAMBRAM|SUNANINA|CAROL|DR RAMA|IFTI,Female|Male|Male|Female|Male|Male|Undetermined|Male|Female|Female|Female|Undetermined|Undetermined|Male|Female|Undetermined|Undetermined|Female|Female|Undetermined|Undetermined|Undetermined|Undetermined|Undetermined|Male|Undetermined|Undetermined, Y, N
Big,Comedy|Family|Fantasy,JOSH|MOM|BILLY|CYNTHIA|DAD|DARIN|MAN|WOMAN|SUSAN|SCOTT|MR. M|PAUL|BOY,Undetermined|Undetermined|Undetermined|Undetermined|Undetermined|Undetermined|Male|Undetermined|Undetermined|Undetermined|Undetermined|Undetermined|Undetermined, N, N
Big Blue| The,Drama|Romance,UNDERWATER|JACQUES|FIRST BOY|SECOND BOY|ENZO|ROBERTO|FATHER|UNCLE LOUIS|SUPERVISOR|JOHANA|FRANK|LAWRENCE|DRIVER|SALLY|DUFFY|RECEPTIONIST|MAMMA MOLINARI|NOVELLI|DOCTOR|TRAINER|TECHNICIAN|SUPERINTENDENT|NOIREUTER|BONITA,Undetermined|Male|Undetermined|Undetermined|Male|Male|Male|Undetermined|Male|Female|Female|Male|Male|Undetermined|Male|Male|Undetermined|Male|Male|Undetermined|Undetermined|Undetermined|Male|Female, Y, Y
Big Eyes,Crime|Drama,JANE|MARGARET|DEE-ANN|WALTER|RUBEN|BANDUCCI|TIPSY LADY|TIPSY MAN|DICK|PRIEST'S VOICE|NOSY GUY|LILY|REDHEAD CLERK|CANADAY|GANNETT LAWYER|JUDGE,Female|Female|Female|Male|Male|Male|Undetermined|Undetermined|Male|Undetermined|Undetermined|Female|Undetermined|Male|Undetermined|Male, Y, Y
Big Fish,Drama|Fantasy|Comedy|Adventure,EDWARD|WILL|SANDRA|JOSEPHINE|ZACKY|DON PRICE|WILBUR FREELY|DR. BENNETT|KARL|BEAMEN|MILDRED|NORTHER WINSLOW|JENNY|AMOS|PING|JING,Male|Male|Female|Undetermined|Male|Undetermined|Undetermined|Undetermined|Male|Male|Undetermined|Undetermined|Female|Male|Female|Female, Y, Y
Big Lebowski| The,Comedy|Mystery|Thriller,VOICE-OVER|DUDE|VOICE|BLOND MAN|WOO|MAN|WALTER|DONNY|YOUNG MAN|LEBOWSKI|BRANDT|THE DUDE|YOUNG WOMAN|SMOKEY|QUINTANA|OUTSIDE|YOUNGER COP|MAUDE|DIETER|DRIVER|HIS POV|FIRST MAN|SECOND MAN|POLICEMAN|THE STRANGER|PILAR|TREEHORN|CHIEF|DA FINO|KIEFFER|DONNELLY,Undetermined|Male|Male|Undetermined|Undetermined|Male|Male|Male|Undetermined|Male|Male|Undetermined|Undetermined|Male|Undetermined|Female|Undetermined|Female|Male|Undetermined|Undetermined|Undetermined|Undetermined|Male|Undetermined|Undetermined|Male|Male|Undetermined|Undetermined|Undetermined, Y, N
Big White| The,Comedy|Crime|Drama,DETECTIVE BOYLE|TED|CAM|PAUL|BRANCH|TIFFANY|AVIS|MARGARET|GARY|JIMBO|RAYMOND|DAVE|MRS. WHERRY|FEMALE COP|PIZZA GUY|SPELLMAN|ARNITH,Undetermined|Male|Male|Male|Undetermined|Female|Male|Undetermined|Male|Male|Male|Male|Undetermined|Undetermined|Undetermined|Undetermined|Male, N, N
Birdman,Comedy|Drama|Romance,RALPH|LESLEY|RIGGAN|LAURA|JAKE|CLARA|LESLIE|MIKE|SAM|LARRY|ANNIE|SYLVIA|LADY|BIRDMAN|TABITHA|WAITER,Male|Undetermined|Male|Female|Male|Undetermined|Undetermined|Male|Female|Male|Male|Male|Female|Male|Female|Male, Y, Y
Birds| The,Drama|Horror|Thriller|Romance,MELANIE|MRS. MACGRUDER|MED. SHOT|CLOSE SHOT - MELANIE|TWO SHOT - MELANIE AND MITCH|MED. SHOT - MELANIE|MITCH|CLOSE SHOT - MITCH|FULL SHOT - MELANIE|MAN|DISSOLVE|FULL SHOT - THE CAR|CLERK|ANNIE|CLOSE SHOT - ANNIE|TWO SHOT - MELANIE AND ANNIE|CLOSE SHOT|MED. SHOT - MITCH|DEKE|LYDIA|CLOSE SHOT - LYDIA|BACK TO SCENE|CATHY|CLOSE SHOT - CATHY|FULL SHOT - MITCH|CLOSE SHOT - THE FIREPLACE|FULL SHOT - LYDIA|FULL SHOT - THE ROOM|MALONE|MED. SHOT - LYDIA|TWO SHOT - LYDIA AND MELANIE|CLOSE UP - MELANIE|MED. SHOT - PLAY YARD|MRS. BUNDY|HELEN|DRUNK|SHOLES|WOMAN|SALESMAN|SAM|CLOSEUP - MELANIE,Female|Undetermined|Undetermined|Undetermined|Undetermined|Undetermined|Female|Undetermined|Undetermined|Male|Undetermined|Undetermined|Male|Female|Undetermined|Undetermined|Undetermined|Undetermined|Female|Female|Undetermined|Undetermined|Female|Undetermined|Undetermined|Undetermined|Undetermined|Undetermined|Male|Undetermined|Undetermined|Undetermined|Undetermined|Undetermined|Undetermined|Undetermined|Undetermined|Female|Undetermined|Undetermined|Undetermined, Y, Y
Birthday Girl,Comedy|Drama|Romance|Crime,JOHN|NADIA|VOICE OVER|CLARE|BRANCH MANAGER|TRAINER|YURI|ALEXEI|MOSELEY|WAITRESS,Male|Female|Undetermined|Undetermined|Undetermined|Undetermined|Male|Male|Female|Undetermined, Y, Y
Black Dahlia| The,Crime|Drama|Mystery|Thriller,VOICE OVER|LEE|BUCKY|CHIEF GREEN|ELLIS LOEW|FAY|KAY|PETE|RUSS MILLARD|KOENIG|VOGEL|CORONER|CAPTAIN JACK|CLEO SHORT|SHERYL|MARJORIE|ELIZABETH SHORT|BARTENDER|MILLARD|RED MANLEY|HARRY SEARS|MADELEINE|EMMETT SPRAGUE|RAMONA|LINDA MARTIN|DEWITT|ISSLER|SALLY|JOHNNY|OLD MAN|ERNIE|DOLPHINE|JANE CHAMBERS,Undetermined|Male|Male|Undetermined|Undetermined|Undetermined|Female|Male|Undetermined|Male|Male|Undetermined|Undetermined|Undetermined|Undetermined|Undetermined|Undetermined|Undetermined|Male|Undetermined|Undetermined|Male|Undetermined|Female|Undetermined|Male|Male|Undetermined|Male|Undetermined|Male|Male|Undetermined, Y, Y
Black Rain,Action|Crime|Drama,NICK|DEBUTANTE|CHARLIE|CONNIE|NUMBER ONE|ABOLOFIA|OLIVER|TECHIE|ATTORNEY|KOBO|ON KOBO|ON NICK|OHASHI|ICH|JOYCE|NICK AND ICH|THE GIRL|SUGAI,Male|Undetermined|Male|Female|Undetermined|Male|Male|Undetermined|Undetermined|Male|Undetermined|Undetermined|Male|Male|Undetermined|Undetermined|Undetermined|Male, N, N
Black Snake Moan,Drama,GILL|RONNIE|RAE|R.L.|LAZARUS|ROSE|TEHRONNE|SANDY|LINCOLN|MAYELLA|BOJO|DEKE|JESSE|KELL|ANGELA|ELLA MAE|HERMAN,Male|Male|Female|Male|Male|Female|Male|Female|Male|Female|Male|Male|Female|Male|Female|Undetermined|Male, Y, Y
Black Swan,Drama|Mystery|Thriller,NINA|ERICA|VERONICA|LEROY|BETH|LILY|DAVID|ANDREW|TOM|STAGE MANAGER,Female|Female|Female|Female|Female|Female|Female|Female|Female|Undetermined, Y, N
Blade,Action|Horror|Sci-Fi,BLADE|DENNIS|RAQUEL|MERCURY|QUINN|CURTIS|KAREN|BLADE'S POV|WHISTLER|DRAGONETTI|FROST|GIDEON|TANAKA|PEARL|KAM|MIRACIA|VANESSA,Male|Male|Undetermined|Undetermined|Male|Male|Female|Undetermined|Male|Male|Male|Male|Male|Male|Male|Female|Undetermined, Y, Y
Blade II,Action|Horror|Thriller,NURSE|NOMAK|DOCTOR|BLADE|WHISTLER|SCUD|ASAD|NYSSA|DAMASKINOS|STEVENS|REINHARDT|CHUPA|VERLAINE,Female|Male|Male|Male|Male|Male|Male|Male|Male|Male|Male|Male|Female, Y, Y
Blade Runner,Action|Drama|Sci-Fi,LEON|HOLDEN|DECKARD|VOICE|BRYANT|ANNOUNCER'S VOICE|BATTY|CHEW|SEBASTIAN|PRIS|ESPER|RACHAEL|TYRELL|DECKARD'S VOICE|WHEELER|TAFFEY|SALOME|MARY|BATTY'S VOICE,Male|Male|Male|Male|Male|Undetermined|Male|Male|Male|Male|Undetermined|Female|Male|Undetermined|Male|Undetermined|Female|Female|Undetermined, Y, Y
Blade: Trinity,Action|Fantasy|Horror|Thriller, , , ,
Blast from the Past| The,Comedy|Drama|Romance,HELEN|CALVIN|PILOT|BETTY|DAVE|TOWER|LEVY|ATKINSON|ADAM|MOM|SODA JERK|STREET WALKER|PAKISTANI|CLERK|BUTCHER|JERRY|EVE|BELLBOY|CLIFF|TROY|SOPHIE|MISS SWEET|HEATHER|ARON,Undetermined|Male|Male|Undetermined|Undetermined|Undetermined|Undetermined|Undetermined|Male|Undetermined|Undetermined|Undetermined|Undetermined|Undetermined|Undetermined|Male|Female|Male|Male|Female|Female|Undetermined|Female|Undetermined, Y, Y
Blind Side| The,Drama,GRANGER|MICHAEL|BIG TONY|COTTON|STEVEN|SANDSTROM|LEIGH ANNE|SEAN|SJ|SI|COLLINS|BOB|ALTON|BETH|ELAINE|SHERRY|DMV EMPLOYEE|EMPLOYEE|RONALD|DENISE OHER|REFEREE|TOM LEMMING|FULMER|MISS SUE|SABAN|ED ORGERON,Female|Male|Undetermined|Male|Undetermined|Undetermined|Undetermined|Undetermined|Male|Male|Female|Male|Male|Undetermined|Undetermined|Undetermined|Undetermined|Female|Undetermined|Undetermined|Undetermined|Undetermined|Male|Undetermined|Male|Undetermined, Y, Y
Bling Ring| The,Crime|Drama,NICKI|LAURIE|DEBBIE|MARC|REBECCA|CHLOE|ROB|SAM|RICKY|STARLET|EMILY|DETECTIVE|KATE|INTERVIEWER,Female|Female|Male|Male|Female|Female|Male|Female|Male|Female|Female|Female|Undetermined|Undetermined, Y, N
Blood and Wine,Thriller|Crime|Drama,ALEX|GABRIELLA|HIS POV|REPO MAN|JASON|SUZANNE|HENRY|MIKE|DINA|AGENT|FRANK|DAVE|VICTOR|GUARD|JEWELER|OWNER,Male|Female|Undetermined|Undetermined|Male|Female|Male|Male|Female|Male|Male|Undetermined|Male|Male|Male|Female, Y, N
Blood Simple,Drama|Thriller,WOMAN|MAN|RAY|VOICE|ABBY|MARTY|VISSER|MEURICE|DEBRA|LANDLADY|RHODES|KYLE,Undetermined|Male|Male|Female|Female|Male|Male|Male|Male|Female|Undetermined|Undetermined, Y, Y
Blow,Crime|Drama,GEORGE|FRED|TUNA|SERIES OF SHOTS|BARBARA|DEREK|KEVIN|SANTIAGO|ERMINE|GUARD|DIEGO|CESAR|CUSTOMS AGENT|STEVENS|ALESSANDRO|ESCOBAR|MIRTHA|AUGUSTO|TONY|DR. BAY|KRISTINA|LEON|GARCIA|CALIBANOS,Male|Male|Male|Undetermined|Female|Male|Male|Male|Female|Male|Male|Male|Undetermined|Male|Male|Male|Female|Male|Undetermined|Undetermined|Female|Undetermined|Undetermined|Male, Y, Y
Blue Valentine,Drama|Romance,FRANKIE|DEAN|CINDY|FEINBERG|JERRY|CURTIS|BOBBY|GLENDA|GRAMMA|DOCTOR|MARIA|MIMI,Female|Male|Female|Male|Male|Male|Male|Female|Female|Female|Female|Female, Y, Y
Blue Velvet,Crime|Drama|Mystery|Thriller,LOUISE|JEFFREY|MRS. BEAUMONT|AUNT BARBARA|DR. GYNDE|MR. BEAUMONT|DETECTIVE WILLIAMS|MRS. WILLIAMS|SANDY|MIKE|DOROTHY|MAITRE D'|FRANK|FLASHBACK|YELLOW MAN|BEN,Male|Male|Undetermined|Undetermined|Undetermined|Undetermined|Undetermined|Undetermined|Female|Male|Female|Undetermined|Male|Undetermined|Undetermined|Undetermined, Y, Y
Blues Brothers| The,Comedy|Crime, , , ,
Bodies| Rest & Motion,Drama|Romance,NICK|CAROL|BETH|CHIP|SID|RORY|MAJOR JENKINS|NAVAJO TEEN|ELIZABETH|MRS. DOTSON|MAN|WOMAN,Male|Female|Female|Undetermined|Female|Undetermined|Undetermined|Undetermined|Male|Undetermined|Male|Undetermined, Y, Y
Body Heat,Crime|Thriller,RACINE|JUDGE COSTANZA|LOWENSTEIN|STELLA|MATTY|MARY ANN|GRACE|BEVERLY|WALKER|TEDDY|HEATHER|ROZ|HARDIN|GLENN,Male|Undetermined|Male|Female|Female|Undetermined|Male|Male|Male|Male|Female|Female|Male|Male, Y, Y
Body of Evidence,Romance|Thriller,CARDENAS|JOANNE|MCCURDY|REESE|TROXELL|SATTLER|SHARON|DULANEY|MICHAEL|REBECCA|BIGGS|JUDGE BURNHAM|DR. TRAMMEL|DR. PALEY|ESTER|ROSTON|DR. WONG|MISS SELLERS|KOEHLER,Male|Female|Undetermined|Female|Undetermined|Male|Male|Male|Male|Female|Male|Undetermined|Undetermined|Undetermined|Female|Male|Undetermined|Undetermined|Male, Y, Y
Bodyguard,Drama|Romance|Thriller,FRANK|DEVANEY|NICKI|RACHEL|SPECTOR|TONY|FLETCHER|HENRY|PORTMAN|REARDON,Male|Male|Female|Female|Male|Male|Male|Male|Female|Undetermined, Y, N
Bones,Horror,SHOTGUN|PALMER|JASON|STANK|LUPOVICH|BONES|MAURICE|PATRICK|TIA|BILL|HOLLOW ECHOES|PEARL|CINNABAR|MACK|WEAZE|GUARD|JEREMIAH|NANCY|MACK'S SEVERED HEAD,Male|Male|Male|Male|Male|Male|Male|Male|Female|Male|Undetermined|Female|Male|Male|Male|Male|Male|Undetermined|Undetermined, Y, Y
Bonfire of the Vanities,Comedy|Drama,SHERMAN|JUDY|DOORMAN|POLLARD|RAWLIE|MARIA|LOCKWOOD|RAY|KRAMER|JUDGE WHITE|MARTIN|GOLDBERG|BACON|CAMPBELL|CAROLINE|MOORE|PETER|RIFKIN|WEISS|KILLIAN|SALLY|AUBREY|ARTHUR|VOICES|MAITRE D'|JUDGE,Male|Undetermined|Undetermined|Undetermined|Undetermined|Male|Undetermined|Male|Male|Undetermined|Male|Male|Male|Male|Female|Undetermined|Male|Undetermined|Male|Male|Undetermined|Female|Male|Undetermined|Undetermined|Male, Y, N
Bonnie and Clyde,Crime|Drama|Romance,BONNIE|CLYDE|FARMER|TELLER|C.W.|MAN|BUCK|BLANCHE|FIRST POLICEMAN|EUGENE|VELMA|MALCOLM|BILLY|PETE|HAMER,Female|Male|Male|Male|Male|Male|Male|Female|Undetermined|Undetermined|Female|Male|Undetermined|Undetermined|Male, Y, Y
Boogie Nights,Drama,JACK|DIRK|BUCK|REED|TODD,Male|Male|Male|Male|Male, N, N
Book of Eli| The,Action|Adventure|Drama|Sci-Fi|Thriller|Western,ELI|YOUNG WOMAN|BANDIT LEADER|ENGINEER|CARNEGIE|REDRIDGE|HOG|CLAUDIA|BARTENDER|SOLARA|BRIGAND LEADER|ELDERLY MAN|MARTHA|GEORGE|LOMBARDI,Male|Undetermined|Undetermined|Male|Male|Male|Male|Male|Male|Female|Undetermined|Undetermined|Female|Male|Female, Y, Y
Boondock Saints 2: All Saints Day,Action|Crime|Drama|Thriller, , , ,
Boondock Saints| The,Crime|Drama|Thriller,CONNOR|MURPHY|MCGERKIN|ROZ|MOM|BOTH|GREENLY|SMECKER|MITCHELL|CHAFFEY|DOLLY|DUFFY|DOC|ROCCO|CHECKOV|VINCENZO|YAKAVETTA|DONNA|AUGUSTUS|PRIEST|GENO|FATHER,Male|Male|Undetermined|Undetermined|Female|Male|Male|Male|Undetermined|Undetermined|Undetermined|Male|Male|Male|Male|Male|Male|Female|Male|Male|Male|Male, Y, Y
Bottle Rocket,Comedy|Crime,DIGNAN|ANTHONY|BOB|LITTLE RICHARD|FUTURE MAN|EMPLOYEE|PHIL|PHIL'S GIRLFRIEND|OFFICER|COP|INEZ|MAN|APPLEJACK|MR. HENRY|KUMAR|JACKSON,Male|Male|Male|Undetermined|Undetermined|Male|Male|Undetermined|Undetermined|Male|Male|Male|Male|Undetermined|Male|Male, N, N
Bound,Crime|Drama|Thriller,CORKY|VIOLET|WOMAN COP|CAESAR|ANGRY VOICE|JOHNNIE|MICKEY|GINO,Female|Female|Undetermined|Male|Undetermined|Male|Male|Male, Y, Y
Bounty Hunter| The,Action|Comedy|Crime|Romance,CASS|STEWART|MILO|DWIGHT|GELMAN|BOBBY|VOICE|SID|TERESA|LANDLADY|JIMMY|MAHLER|RAY|LORRAINE|LOIS|WAITRESS|DAWN|EDMUND|MOM,Female|Male|Male|Male|Male|Male|Undetermined|Male|Female|Female|Male|Male|Male|Male|Undetermined|Undetermined|Female|Undetermined|Undetermined, Y, N
Bourne Identity| The,Action|Thriller|Mystery|Drama|Adventure,GIANCARLO|THE MAN|WOMBOSI|MARSHALL|CONKLIN|ZORN|ABBOTT|BOURNE|MARIE|CLERK|WOMAN CLERK|SECURITY CHIEF|MORGUE BOSS|MRS. DOYLE|RAWLINS|PROFESSOR,Male|Undetermined|Male|Undetermined|Male|Male|Male|Male|Male|Undetermined|Undetermined|Undetermined|Undetermined|Undetermined|Undetermined|Male, N, N
Bourne Supremacy| The,Adventure|Mystery|Thriller|Action|Drama, , , ,
Bourne Ultimatum| The,Action|Adventure|Mystery|Thriller, , , ,
Box| The,Drama|Mystery|Sci-Fi,ARTHUR|NORMA|WALTER|DANA|CHARLES|POATES|CAHILL|WENDELL|ARLINGTON|SUSAN|JIM|NATHAN|POWELL|BEVILACQUA|RECEPTIONIST|RESTON|ELIZABETH|STUPE|TEAGUE,Male|Female|Male|Female|Male|Male|Male|Male|Male|Female|Male|Male|Male|Male|Undetermined|Male|Female|Male|Male, Y, Y
Boyhood,Drama,MOM|MASON|TOMMY|SAMANTHA|TED|BOYS|DAD|GRANDMA|BILL|MINDY|RANDY|NEIGHBORHOOD BOY|JIMMY|CAROL|BLONDE HOUSEWIFE|TAMMY|TONY|JILL|CHARLIE|SENIOR GUY|CHASE|COLLEGE GIRL|JIM|ANNIE|WORKER|GRANDPA CLIFF|NANA|TURLINGTON|NICK|SHEENA|MR. WOOD|ROOMMATE|TEACHER|UNCLE STEVE|PROFESSOR DOUGLAS|ERNESTO|DALTON|NICOLE|BARB,Male|Male|Male|Female|Undetermined|Female|Male|Male|Male|Female|Male|Undetermined|Undetermined|Female|Undetermined|Male|Undetermined|Undetermined|Undetermined|Undetermined|Undetermined|Undetermined|Undetermined|Female|Male|Undetermined|Undetermined|Undetermined|Male|Male|Undetermined|Male|Female|Undetermined|Undetermined|Undetermined|Undetermined|Undetermined|Female, Y, Y
Braveheart,Drama|War|Action,VOICE OVER|FATHER|WILLIAM|CAMPBELL|MACCLANNOUGH|HAMISH|PRIEST|ARGYLE|LONGSHANKS|PRINCESS|EDWARD|CRAIG|ROBERT|MORNAY|SOLDIER|MOTHER|MARION|MAGISTRATE|CROWD|WALLACE|SCOTS|NICOLETTE|ROBERT THE BRUCE|THE LEPER|STEPHEN|LOCHLAN|VETERAN|CHELTHAM|TALMADGE|GENERAL|CAPTAIN|GOVERNOR|LEPER,Undetermined|Male|Male|Male|Male|Male|Male|Male|Male|Female|Male|Male|Male|Male|Male|Female|Female|Male|Male|Male|Male|Female|Undetermined|Undetermined|Male|Undetermined|Undetermined|Male|Male|Male|Male|Male|Male, Y, Y
Brazil,Comedy|Fantasy|Sci-Fi,SAM,Male, N, N
Break,Drama, , , ,
Breakdown,Action|Thriller,JEFF|BACK TO JEFF|AMY|PETERBILT|HIGHWAY|CHEROKEE|EARL|ON BANK|RED|IN FORD|BILLY|IN PETERBILT|ON BRIDGE,Male|Undetermined|Undetermined|Male|Undetermined|Male|Male|Undetermined|Male|Undetermined|Male|Undetermined|Undetermined, N, N
Breakfast Club| The,Comedy|Drama,CLAIRE|BRIAN|ANDREW|VERNON|BENDER,Female|Male|Male|Male|Male, N, N
Breaking Away,Comedy|Drama,DAVE|CYRIL|ANOTHER ANGLE|MIKE|MOOCHER|MIRE|ROD|KATHERINE|NANCY|SUZY|MISS|GIRL|ANNOUNCER|PRIEST,Male|Male|Undetermined|Male|Male|Undetermined|Male|Male|Undetermined|Male|Undetermined|Female|Undetermined|Undetermined, N, N
Brick,Drama|Mystery,VOICE|EMILY|BRENDAN|THE BRAIN|KARA|LAURA'S VOICE|BRAD|LAURA|DODE|BIG STONER|TRUEMAN|TUGGER|PIN|MOTHER,Male|Male|Male|Undetermined|Male|Undetermined|Male|Female|Male|Undetermined|Undetermined|Male|Male|Undetermined, N, N
